ID,System,Station,Item,Price,MaxAvail,LastUpdated,illegal,permit,offline,comment
162,Baltah'Sine,Baltha'sine Station,Baltha'sine Vacuum Krill,825,18,2015-06-03 17:51:00.000000,,,,
167,Cherbones,Chalker Landing,Cherbones Blood Crystals,12504,0,2015-06-28 18:54:00.000000,,,,
170,Damna,Nemere Market,Damna Carapaces,315,15,2015-05-25 11:55:00.000000,,,,
173,Deuringas,Shukor Hub,Deuringas Truffles,1892,4,2015-06-28 20:59:00.000000,,,,
174,Diso,Shifnalport,Diso Ma Corn,335,8,2015-07-02 18:54:00.000000,,,,
178,Eshu,Shajn Terminal,Eshu Umbrellas,2050,0,2015-05-07 03:07:00.000000,,,,
186,Haiden,Searfoss Enterprise,Haidne Black Brew,1332,14,2015-05-24 00:36:00.000000,,,,
193,HIP 59533,Burnham Beacon,Burnham Bile Distillate,806,0,2015-05-11 11:37:00.000000,,,,
195,Holva,Kreutz Orbital,Holva Duelling Blades,6518,6,2015-06-05 06:20:00.000000,,,,
210,LDS 883,Smith Reserve,Chameleon Cloth,1664,7,2015-07-05 04:30:00.000000,,,,
213,LFT 1421,Ehrlich Orbital,Void Extract Coffee,2349,13,2015-06-09 05:31:00.000000,,,,
214,LP 375-25,King Gateway,Honesty Pills,1365,13,2015-05-17 01:40:00.000000,,,,
217,Mokojing,Noli Terminal,Mokojing Beast Feast,2681,7,2015-05-04 23:00:00.000000,,,,
218,Momus Reach,Tartarus Point,Momus Bog Spaniel,1825,7,2015-07-03 20:33:00.000000,,,,
219,Mukusubii,Ledyard Dock,Mukusubii Chitin-os,654,10,2015-06-23 08:40:00.000000,,,,
220,Mulachi,Clark Terminal,Mulachi Giant Fungus,85,22,2015-05-30 20:16:00.000000,,,,
221,Neritus,Toll Ring,Neritus Berries,850,13,2015-06-22 19:14:00.000000,,,,
229,Rajukru,Snyder Terminal,Rajukru Multi-Stoves,682,20,2015-06-21 02:05:00.000000,,,,
230,Rapa Bao,Flagg Gateway,Rapa Bao Snake Skins,550,8,2015-06-09 01:33:00.000000,,,,
236,Tarach Tor,Tranquillity,Tarach Spice,1056,8,2015-05-05 14:38:00.000000,,,,
238,Tiolce,Gordon Terminal,Tiolce Waste 2 Paste,1153,0,2015-06-18 12:19:00.000000,,,,
246,Vidavanta,Lee Mines,Vidavantian Lace,6771,5,2015-05-04 23:01:00.000000,,,,
247,Volkhab,Vernadsky Dock,Volkhab Bee Drones,3262,10,2015-06-15 15:15:00.000000,,,,
249,Witchhaul,Hornby Terminal,Witchhaul Kobe Beef,4520,9,2015-06-25 02:32:00.000000,,,,
253,Xihe,Zhen Dock,Xihe Biomorphic Companions,4482,13,2015-06-11 07:03:00.000000,,,,
255,Zaonce,Ridley Scott,Leathery Eggs,24350,1,2015-07-01 19:17:00.000000,,,,
260,Chi Eridani,Steve Masters,Chi Eridani Marine Paste,784,18,2015-06-29 22:50:00.000000,,,,
269,LTT 9360,Smeaton Orbital,LTT Hyper Sweet,222,14,2015-06-03 17:21:00.000000,,,,
280,Alya,Malaspina Gateway,Alya Body Soap,454,16,2015-05-25 11:49:00.000000,,,,
287,Vaka,Zenbei Orbital,Sap 8 Container,0,0,2015-06-12 11:13:00.000000,,,,
298,Havasupai,Lovelace Port,Havasupai Dream Catcher,9561,2,2015-07-06 22:24:00.000000,,,,
303,Leesti,George Lucas,Leestian Evil Juice,457,14,2015-07-10 18:15:00.000000,,,,
304,Leesti,George Lucas,Azure Milk,4123,7,2015-07-10 18:15:00.000000,,,,
310,Lave,Lave Station,Lavian Brandy,3500,7,2015-07-12 23:53:00.000000,,,,
317,39 Tauri,Porta,Tauri Chimes,924,17,2015-07-13 14:52:00.000000,,,,
318,Bast,Hart Station,Bast Snake Gin,1080,10,2015-07-14 04:34:00.000000,,,,
319,Medb,Vela dock,Medb starlube,416,18,2015-07-13 12:31:00.000000,,,,
320,Orrere,Sharon Lee Free Market,Orrerian Vicious Brew,630,16,2015-07-14 00:06:00.000000,,,,
330,Esuseku,Savinykh Orbital,Esuseku Caviar,2450,10,2015-07-14 22:58:00.000000,,,,
339,Vega,Taylor City,Vega Slimweed,2398,7,2015-07-15 18:39:12.865348,,Y,,
342,Yaso Kondi,Wheeler Market,Yaso Kondi Leaf,6060,5,2015-07-15 20:52:00.000000,,,,
344,HIP 41181,Andersson Station,HIP Proto-Squid,1488,0,2015-07-15 21:55:00.000000,,,,
351,Uzumoku,Sverdrup Ring,Uzumoku Low-G Wings,8435,10,2015-07-17 23:17:00.000000,,,,
355,Coquim,Hirayama Installation,Coquim Spongiform Victuals,255,20,2015-07-18 12:47:00.000000,,,,
363,Karsuki Ti,West Market,Karsuki Locusts,915,13,2015-07-18 19:54:00.000000,,,,
371,Azaka,Bresnik Orbital,SAP 8 core container,60414,0,2015-07-20 00:09:00.000000,,,,
372,17 Lyrae,Langford Enterprise,Titan Black,19350,0,2015-07-20 14:36:42.719142,,,,
373,47 Ceti,Glushko Station,Aepyornis Egg,2654,7,2015-07-20 14:43:08.444205,,,,
374,47 Ceti,Kaufmanis Hub,Ceti Rabbits,1675,12,2015-07-20 14:43:46.790398,,,,
375,Aegaeon,Schweickart Station,Chateau De Aegaeon,1267,14,2015-07-20 14:44:27.707738,,,,
376,Aerial,Andrade Legacy,Eden Apples of Aerial,615,15,2015-07-20 14:44:47.932895,,,,
377,Aganippe,Julian Market,Aganippe Rush,8966,4,2015-07-20 14:47:41.528824,,,Y,Aganippe Rush gibt es hier nicht
378,Alacarakmo,Weyl Gateway,Alacarakmo Skin Art,1421,14,2015-07-20 14:48:15.243753,,,,
379,Alpha Centauri,Hutton Orbital,Centauri Mega Gin,3319,7,2015-07-20 14:49:28.850963,,,,
380,Altair,Solo Orbiter,Altairian Skin,758,25,2015-07-20 14:51:24.441574,,,,
381,Anduliga,Celsius Estate,Anduliga Fire Works,891,16,2015-07-20 14:52:27.396175,,,,
382,Any Na,Libby Orbital,Any Na Coffee,1790,11,2015-07-20 14:52:57.080873,,,,
383,Arouca,Shipton Orbital,Arouca Conventula Sweets,1191,12,2015-07-20 14:53:21.788286,,,,
384,AZ Cancri,Fisher Station,Az Cancri Formula 42,6442,8,2015-07-20 14:53:47.935781,,,,
385,Banki,Antonio De Andrade Vista,Banki Amphibious Leather,625,18,2015-07-20 14:55:33.844839,,,,
386,Belalans,Boscovich Ring,Belalans Ray Leather,882,11,2015-07-20 14:58:21.579433,,,,
387,CD-75 661,Kirk Dock,CD-75 Kitten Brand Coffee,2373,12,2015-07-20 15:00:24.119442,,,,
388,Dea Motrona,Pinzon Dock,Motrona Experience Jelly (illegal),7420,11,2015-07-20 15:04:22.531078,Y,,,
389,Delta Phoenicis,Trading post,Delta Phoenicis Palms,412,17,2015-07-20 15:05:09.974792,,,,
390,Eleu,Finney Dock,Eleu Thermals,864,13,2015-07-20 15:06:40.586975,,,,
391,Epsilon Indi,Mansfield Orbiter,Indi Bourbon,1288,11,2015-07-20 15:07:28.852735,,,,
392,Eranin,Azeban City,Eranin Whiskey (illegal),1620,8,2015-07-20 15:08:06.642897,Y,,,
393,Ethgreze,Bloch Station,Ethgreze Tea Buds,3261,7,2015-07-20 15:09:12.827682,,,,
394,Fujin,Futen Spaceport,Fujin Tea,992,10,2015-07-20 15:09:50.645845,,,,
395,Geawen,Obruchev Legacy,Geawen Dance Dust,1022,26,2015-07-20 15:10:18.380432,,,,
396,George Pantazis,Zamka Platform,Pantaa Prayer Sticks,1827,13,2015-07-20 15:11:07.354233,,,,
397,Geras,Yurchikhin Port,Gerasian Gueuze Beer,456,24,2015-07-20 15:11:56.536046,,,,
398,Gilya,Bell Orbital,Gilya Signature Weapons,7290,12,2015-07-20 15:12:48.815036,Y,,,
399,Gliese 1269,Jaques Station,Jaques Queintian Still,8435,18,2015-07-20 15:16:32.985858,,,,
400,Goman,Gustav Sporer Port,Goman Yaupon Coffee,1451,19,2015-07-20 15:17:48.279164,,,,
401,Hecate,RJH1972,Live Hecate Sea Worms,1190,13,2015-07-20 15:18:58.799198,,,,
402,Heike,Brunel City,Ceremonial Heike Tea,1920,8,2015-07-20 15:19:28.655906,,,,
403,Helvetitj,Friend Orbital,Helvetitj Pearls,3620,6,2015-07-20 15:20:36.331776,,,,
404,HIP 10175,Stefanyshyn-Piper Station,HIP 10175 Bush Meat,2105,13,2015-07-20 15:21:01.334207,,,,
405,HIP 80364,Stasheff Colony,HIP Organophospates,385,36,2015-07-20 15:21:57.543422,,,,
406,HR 7221,Veron City,HR 7221 Wheat,415,16,2015-07-20 15:22:54.529681,,,,
407,Irukama,Blaauw City,Giant Irukama Snails,1810,16,2015-07-20 15:23:21.567227,,,,
408,Jaradharre,Gohar Station,Jaradharre Puzzle Box,12706,4,2015-07-20 15:23:48.941793,,,,
409,Jaroua,Mccool City,Jaroua Rice,385,18,2015-07-20 15:24:21.840675,,,,
410,Jotun,Icelock,Jotun Mookah,1252,32,2015-07-20 15:25:05.028145,,Y,,
411,Kachirigin,Nowak Orbital,Kachirigin Filter Leeches,467,10,2015-07-20 15:28:00.041155,,,,
412,Kamitra,Hammel Terminal,Kamitra Cigars,6218,6,2015-07-20 15:28:28.710795,,,,
413,Kamorin,Godwin Vision,Kamorin Historic Weapons (illegal),2650,10,2015-07-20 15:29:08.854091,Y,,,
414,Kappa Fornacis,Harvestport,Onion Head (illegal),765,17,2015-07-20 15:30:10.646625,Y,,,
415,Karetii,Sinclair Platform,Karetii Couture,5225,5,2015-07-20 15:31:09.616998,,,,
416,Kinago,Fozard Ring,Kinago Violins,7279,3,2015-07-20 15:31:40.838784,,,,
417,Kongga,Laplace Ring,Kongga Ale,585,16,2015-07-20 15:32:09.687434,,,,
418,Korro Kung,Lonchakov Orbital,Koro Kung Pellets,220,20,2015-07-20 15:32:33.894819,,,,
419,Mechucos,Brandenstein Port,Mechucos High Tea,1345,8,2015-07-20 15:34:39.406998,,,,
420,Ngadandari,Napier Terminal,Ngandandari Fire Opals,16028,0,2015-07-20 15:38:32.909353,,,,
421,Nguna,Biggle Hub,Nguna Modern Antiques,919,18,2015-07-20 15:40:18.415388,,,,
422,Ngurii,Cheranovsky City,Soontill Relics,17000,0,2015-07-20 15:42:37.446340,,,,
423,Njangari,Lee Hub,Njangari Saddles,650,13,2015-07-20 15:44:00.400085,,,,
424,Ochoeng,Roddenberry Gateway,Ochoeng Chillies,998,14,2015-07-20 15:44:28.229676,,,,
425,Phiagre,Greeboski's Outpost,Giant Verrix,6522,6,2015-07-20 15:45:08.302968,,,,
426,Quechua,Crown Ring,Albino Quechua Mammoth,2538,10,2015-07-20 15:45:32.717365,,,,
427,Rusani,Fernandes Market,Rusani Old Smokey (illegal),5810,10,2015-07-20 15:46:43.688424,Y,,,
428,Sanuma,Dunyach Gateway,Sanuma Decorative Meat,860,25,2015-07-20 15:47:45.713972,,,,
429,Shinrarta Dezhra,Jameson Memorial,Waters Of Shintara,7421,6,2015-07-20 15:48:47.121484,,Y,,
431,Tanmark,Cassie-L-Peia,Tanmark Tranquil Tea,1814,9,2015-07-20 15:50:26.029141,,,,
433,Terra Mater,Gr8minds,Terra Mater Blood Bores (illegal),7824,24,2015-07-20 15:53:37.628100,Y,Y,,
434,Thrutis,Kingsbury Dock,Thrutis Cream,925,11,2015-07-20 15:54:25.980866,,,,
435,Toxandji,Tsunenaga Orbital,Toxandji Virocide,535,19,2015-07-20 15:54:58.613732,,,,
436,Uszaa,Guest Installation,Uszaian Tree Grub,965,14,2015-07-20 15:55:22.586103,,,,
437,Utgaroar,Fort Klarix,Utgaroar Millennial Eggs,1795,15,2015-07-20 15:55:44.516358,,,,
438,V1090 Herculis,Kaku Plant,Herculis Body Rub,160,20,2015-07-20 15:56:53.453301,,,,
439,Vanayequi,Clauss Hub,Vanayequi Ceratomorpha Fur,615,10,2015-07-20 15:57:35.815724,,,,
440,Wheemete,Eisinga Enterprise,Wheemete Wheat Cakes,262,19,2015-07-20 15:59:05.443850,,,,
441,Wolf 1301,Saunders's Dive,Wolf Fesh (illegal),712,13,2015-07-20 16:00:16.382908,Y,,,
442,Wulpa,Williams Gateway,Wulpa Hyperbore Systems,1175,10,2015-07-20 16:01:10.572007,,,,
443,Wuthielo Ku,Tarter Dock,Wuthielo Ku Froth,420,17,2015-07-20 16:01:38.193587,,,,
444,Zeessze,Nicollier Hanger,Zeessze Ant Grub Glue,374,18,2015-07-20 16:02:28.829483,,,,
445,Borasetani,Katzenstein Terminal,Borasetani Pathogenetics,8269,0,,,,,
446,Tanmark,Cassie-L-Peia,Lucan Onion Head (illegal),815,,,Y,,,
